Category,PR,Title,MergedAt,Labels,URL
"Secrets / Config",365,"fix(secrets): image → images 시크릿 네이밍 통일","2026-01-09T18:26:11Z","bug","https://github.com/eco2-team/backend/pull/365"
"Clean Architecture",364,"refactor: image → images 전체 통일 + CI 수정","2026-01-09T17:42:17Z","refactor","https://github.com/eco2-team/backend/pull/364"
"Clean Architecture",363,"fix(ci): apps/ 마이그레이션 CI 수정 + domains/_base 제거","2026-01-09T16:09:44Z","bug","https://github.com/eco2-team/backend/pull/363"
"Clean Architecture",362,"fix(ci): apps/ 마이그레이션 후 CI 및 테스트 경로 수정","2026-01-09T15:59:42Z","bug","https://github.com/eco2-team/backend/pull/362"
"Clean Architecture",361,"refactor: 인프라 서비스 apps/ 마이그레이션 + DB/Redis 연결 정규화","2026-01-09T15:11:08Z","infrastructure;Kustomize;refactor","https://github.com/eco2-team/backend/pull/361"
"Domain APIs",360,"fix(image): Redis 연결 재시도 로직 추가 및 설정 개선","2026-01-09T11:48:57Z","fix","https://github.com/eco2-team/backend/pull/360"
"Event Streams",359,"fix: SSE Gateway CORS - credentials와 함께 사용 시 특정 origin 필요","2026-01-09T11:21:23Z","cors","https://github.com/eco2-team/backend/pull/359"
"Workers",358,"fix(character-worker): gevent pool 호환을 위해 동기 DB 세션 사용","2026-01-09T09:11:28Z","fix","https://github.com/eco2-team/backend/pull/358"
"Secrets / Config",357,"fix(secrets): users namespace dockerhub-secret ExternalSecret 추가","2026-01-09T08:46:54Z","fix","https://github.com/eco2-team/backend/pull/357"
"Workers",356,"fix(scan-worker): kombu publish 직렬화 에러 수정","2026-01-09T08:33:47Z","fix","https://github.com/eco2-team/backend/pull/356"
"Message Queue",355,"fix(scan-worker): Celery send_task exchange 파라미터 무시 문제 해결","2026-01-09T08:20:01Z","fix","https://github.com/eco2-team/backend/pull/355"
"Workers",354,"fix(workers): reward_character_task autodiscover 누락 수정","2026-01-09T08:04:31Z","fix","https://github.com/eco2-team/backend/pull/354"
"Message Queue",353,"refactor(rabbitmq): reward.direct → reward.events (Fanout) 전환","2026-01-09T07:40:55Z","refactor","https://github.com/eco2-team/backend/pull/353"
"Workers",352,"fix(workloads): Worker POSTGRES_HOST 수정 및 캐시 초기화 개선","2026-01-09T07:11:25Z","fix","https://github.com/eco2-team/backend/pull/352"
"Workers",351,"fix(character-worker): 캐시 초기화 예외 처리 및 lazy loading 추가","2026-01-09T06:55:47Z","bug","https://github.com/eco2-team/backend/pull/351"
"Message Queue",350,"fix(workers): Celery 큐 바인딩 및 캐시 초기화 수정","2026-01-09T06:47:26Z","bug","https://github.com/eco2-team/backend/pull/350"
"Message Queue",349,"fix(workers): Queue 바인딩에 AMQP Default Exchange 명시","2026-01-09T06:29:09Z","bug","https://github.com/eco2-team/backend/pull/349"
"Message Queue",348,"fix(scan-worker): celery 기본 큐 및 character.match 큐 추가","2026-01-09T06:02:44Z","fix","https://github.com/eco2-team/backend/pull/348"
"Message Queue",347,"fix(scan-worker): celery 기본 큐를 task_queues에 추가","2026-01-09T05:58:29Z","bug;fix","https://github.com/eco2-team/backend/pull/347"
"Message Queue",346,"fix(scan-api): Queue에 no_declare=True 추가","2026-01-09T05:48:15Z","bug;fix","https://github.com/eco2-team/backend/pull/346"
"Message Queue",345,"fix(scan-api): Queue에 no_declare=True 추가","2026-01-09T05:37:16Z","bug;fix","https://github.com/eco2-team/backend/pull/345"
"Message Queue",344,"fix(celery): Queue에 no_declare=True 추가","2026-01-09T05:13:35Z","bug","https://github.com/eco2-team/backend/pull/344"
"Message Queue",343,"fix(celery): task_queues 정의로 Topology CR 큐 사용","2026-01-09T04:54:05Z","bug","https://github.com/eco2-team/backend/pull/343"
"Message Queue",342,"fix(celery): task_create_missing_queues=False 설정 추가","2026-01-07T20:55:02Z","bug","https://github.com/eco2-team/backend/pull/342"
"Workers",341,"fix: add redis dependency to character_worker","2026-01-07T19:25:29Z","","https://github.com/eco2-team/backend/pull/341"
"Clean Architecture",340,"fix: export get_character_cache from cache __init__","2026-01-07T19:18:25Z","","https://github.com/eco2-team/backend/pull/340"
"Workers",339,"fix: add gevent dependency to character_worker","2026-01-07T19:09:45Z","","https://github.com/eco2-team/backend/pull/339"
"Message Queue",338,"fix: RabbitMQ 큐 전략 정비 및 CI 레거시 정리","2026-01-07T19:02:53Z","enhancement;refactor","https://github.com/eco2-team/backend/pull/338"
"Message Queue",337,"feat(queue): Named Exchange 기반 1:N 이벤트 라우팅 도입","2026-01-07T18:16:27Z","enhancement;infrastructure","https://github.com/eco2-team/backend/pull/337"
"Message Queue",336,"fix: add celery default queue to task_queues","2026-01-07T16:20:44Z","","https://github.com/eco2-team/backend/pull/336"
"Message Queue",335,"fix: add celery default queue to task_queues","2026-01-07T16:33:12Z","celery","https://github.com/eco2-team/backend/pull/335"
"Message Queue",334,"fix: use routing_key instead of queue for cross-domain dispatch","2026-01-07T16:03:55Z","celery","https://github.com/eco2-team/backend/pull/334"
"Message Queue",333,"fix: disable auto queue creation to avoid TTL mismatch","2026-01-07T15:54:08Z","","https://github.com/eco2-team/backend/pull/333"
"Message Queue",332,"fix: use AMQP default exchange for cross-domain task routing","2026-01-07T15:34:00Z","fix;celery","https://github.com/eco2-team/backend/pull/332"
"Message Queue",331,"fix: add exchange="""" for AMQP default exchange routing","2026-01-07T14:36:17Z","fix","https://github.com/eco2-team/backend/pull/331"
"Message Queue",330,"fix: use routing_key only to avoid queue auto-declare conflicts","2026-01-07T14:18:39Z","fix","https://github.com/eco2-team/backend/pull/330"
"Message Queue",329,"fix: use routing_key only to avoid queue auto-declare conflicts","2026-01-07T14:09:19Z","fix","https://github.com/eco2-team/backend/pull/329"
"Workers",328,"chore: scan-worker 이미지 빌드 트리거","2026-01-07T13:30:02Z","fix;chore","https://github.com/eco2-team/backend/pull/328"
"Message Queue",327,"fix(scan-worker): 기본 exchange 사용으로 character.match 라우팅 수정","2026-01-07T11:41:14Z","fix","https://github.com/eco2-team/backend/pull/327"
"Message Queue",325,"fix: Cross-Domain Exchange 불일치로 인한 태스크 전달 실패 수정","2026-01-07T11:00:51Z","bug;fix;infrastructure","https://github.com/eco2-team/backend/pull/325"
"Event Streams",324,"fix(canary): sse-gateway도 version: v1/v2 패턴으로 통일","2026-01-07T10:22:34Z","fix","https://github.com/eco2-team/backend/pull/324"
"Auth Offloading",323,"fix(canary): ext-authz stable subset 라우팅 수정","2026-01-07T10:18:40Z","","https://github.com/eco2-team/backend/pull/323"
"Canary Deployment",322,"fix(canary): stable/canary subset 라우팅 수정 (version 패턴 통일)","2026-01-07T11:01:30Z","bug","https://github.com/eco2-team/backend/pull/322"
"Event Streams",321,"fix(sse-gateway): stable/canary subset 라우팅 분리","2026-01-07T10:06:10Z","","https://github.com/eco2-team/backend/pull/321"
"Event Streams",320,"fix(routing): scan SSE 라우팅을 sse-gateway로 수정","2026-01-07T08:53:50Z","fix","https://github.com/eco2-team/backend/pull/320"
"Message Queue",319,"fix(scan): Celery 큐 설정을 scan_worker와 동일하게 맞춤","2026-01-07T08:34:48Z","fix","https://github.com/eco2-team/backend/pull/319"
"Infrastructure",318,"feat(netpol): auth → users gRPC NetworkPolicy 추가 및 레거시 정리","2026-01-07T08:04:06Z","refactor","https://github.com/eco2-team/backend/pull/318"
"Infrastructure",317,"feat(netpol): auth → users/character 도메인 간 통신 NetworkPolicy 추가","2026-01-07T07:49:24Z","fix","https://github.com/eco2-team/backend/pull/317"
"Clean Architecture",316,"refactor: Dockerfile 모듈 경로 패턴 통일 + 마이크로서비스 독립화","2026-01-07T06:06:45Z","docker","https://github.com/eco2-team/backend/pull/316"
"Message Queue",315,"fix(network): RabbitMQ NetworkPolicy에 users namespace 추가","2026-01-07T04:36:27Z","bug","https://github.com/eco2-team/backend/pull/315"
"Message Queue",314,"fix: Worker 큐 정합성 및 RabbitMQ CRD 정리","2026-01-07T04:20:00Z","bug;enhancement;rabbitmq","https://github.com/eco2-team/backend/pull/314"
"Workers",313,"fix(auth-worker): 큐 선언 인자를 CRD와 일치시킴","2026-01-07T04:06:50Z","bug;enhancement;rabbitmq","https://github.com/eco2-team/backend/pull/313"
"Message Queue",312,"fix: Gemini API 수정 및 RabbitMQ 큐 정합성 개선","2026-01-07T03:57:31Z","bug;enhancement;rabbitmq","https://github.com/eco2-team/backend/pull/312"
"Event Streams",311,"fix(argocd): event-router InvalidImageName 에러 해결","2026-01-07T03:02:07Z","bug;chore","https://github.com/eco2-team/backend/pull/311"
"Documentation",310,"fix: Gemini 3 API (google-genai) 공식 문서 기준 수정","2026-01-06T21:36:10Z","bug","https://github.com/eco2-team/backend/pull/310"
"Clean Architecture",309,"fix: Gemini Vision Adapter import 수정","2026-01-06T21:28:14Z","","https://github.com/eco2-team/backend/pull/309"
"Clean Architecture",308,"fix: Gemini LLM import 및 API 호환성 수정","2026-01-06T21:15:34Z","bug","https://github.com/eco2-team/backend/pull/308"
"Message Queue",307,"fix: scan-worker Celery 앱 경로 및 CI 오류 수정","2026-01-06T21:10:15Z","","https://github.com/eco2-team/backend/pull/307"
"Clean Architecture",306,"feat(apps): ORM Registry 통일 + 멀티스테이지 빌드","2026-01-06T20:42:40Z","bug;refactor;docker;ORM","https://github.com/eco2-team/backend/pull/306"
"Clean Architecture",305,"fix(scan-worker): Dockerfile 및 RESTful 엔드포인트 수정","2026-01-06T18:27:52Z","bug","https://github.com/eco2-team/backend/pull/305"
"Clean Architecture",304,"feat(scan): Clean Architecture 마이그레이션 + CI 정합성","2026-01-06T17:11:37Z","enhancement;refactor;CI;fastapi;kubernetes","https://github.com/eco2-team/backend/pull/304"
"Message Queue",303,"refactor: unify queue naming convention (task = queue 1:1)","2026-01-05T10:45:51Z","infrastructure;refactor","https://github.com/eco2-team/backend/pull/303"
"Domain APIs",302,"fix(auth): OAuth 실패 시 프론트엔드로 리다이렉트","2026-01-04T15:43:24Z","bug","https://github.com/eco2-team/backend/pull/302"
"Clean Architecture",301,"refactor(location): Clean Architecture 마이그레이션","2026-01-04T15:24:12Z","enhancement;refactor","https://github.com/eco2-team/backend/pull/301"
"Domain APIs",300,"refactor(character): UseCase에서 Service로 비즈니스 로직 분리","2026-01-04T12:12:02Z","refactor;character","https://github.com/eco2-team/backend/pull/300"
"Clean Architecture",299,"fix(users): return character list as array (domains/my compatibility)","2026-01-04T10:41:59Z","bug","https://github.com/eco2-team/backend/pull/299"
"Domain APIs",298,"fix(users): add CORS middleware for frontend compatibility","2026-01-04T10:34:39Z","","https://github.com/eco2-team/backend/pull/298"
"Clean Architecture",297,"refactor: change API path from /api/v1/user to /api/v1/users","2026-01-04T10:05:21Z","","https://github.com/eco2-team/backend/pull/297"
"API Routing",296,"fix: update test paths to /api/v1 prefix","2026-01-04T09:57:00Z","test","https://github.com/eco2-team/backend/pull/296"
"API Routing",295,"fix: add /api/v1 prefix to users-api routers","2026-01-04T09:54:26Z","chore;hotfix","https://github.com/eco2-team/backend/pull/295"
"Clean Architecture",294,"fix: unify users-api service port to 8000 and route to users namespace","2026-01-04T09:52:18Z","","https://github.com/eco2-team/backend/pull/294"
"API Routing",293,"fix: route /api/v1/user to users-api instead of my-api","2026-01-04T09:45:43Z","users","https://github.com/eco2-team/backend/pull/293"
"Domain APIs",292,"feat(auth): Redis 클라이언트에 재시도 로직 추가","2026-01-04T09:32:37Z","character;auth","https://github.com/eco2-team/backend/pull/292"
"Domain APIs",291,"fix(users): status Enum을 Text로 변경 (domains 호환)","2026-01-04T09:13:58Z","bug;users","https://github.com/eco2-team/backend/pull/291"
"Domain APIs",290,"fix(character): 기본 캐릭터 코드를 char-eco로 수정","2026-01-04T05:49:34Z","bug;character","https://github.com/eco2-team/backend/pull/290"
"gRPC",289,"feat(character): apps 기반 gRPC 서버 진입점 추가","2026-01-04T05:38:07Z","character","https://github.com/eco2-team/backend/pull/289"
"Redis",288,"fix(workloads): POSTGRES_HOST/REDIS_HOST를 secret에서 가져오도록 수정","2026-01-04T05:24:10Z","bug;character","https://github.com/eco2-team/backend/pull/288"
"Domain APIs",286,"feat(character): 로컬 캐시 + MQ broadcast 동기화 구현","2026-01-03T19:21:15Z","enhancement;character","https://github.com/eco2-team/backend/pull/286"
"Message Queue",285,"fix(deps): add celery to users requirements","2026-01-03T16:19:14Z","hotfix;users","https://github.com/eco2-team/backend/pull/285"
"Observability",284,"fix(deps): add opentelemetry-propagator-b3 for Istio compatibility","2026-01-03T15:37:25Z","","https://github.com/eco2-team/backend/pull/284"
"Observability",283,"fix(deps): add opentelemetry-propagator-b3 for Istio compatibility","2026-01-03T16:21:47Z","hotfix","https://github.com/eco2-team/backend/pull/283"
"CI/CD",282,"fix(ci): add apps/character to CI services detection","2026-01-03T15:24:47Z","refactor;clean architecture","https://github.com/eco2-team/backend/pull/282"
"Clean Architecture",281,"feat(character): migrate to Clean Architecture","2026-01-03T13:52:53Z","refactor","https://github.com/eco2-team/backend/pull/281"
"Clean Architecture",280,"feat(character): migrate to Clean Architecture","2026-01-03T13:46:27Z","character;users","https://github.com/eco2-team/backend/pull/280"
"Clean Architecture",279,"feat(character): Clean Architecture 마이그레이션","2026-01-03T13:42:01Z","refactor;character","https://github.com/eco2-team/backend/pull/279"
"Database",278,"feat(migrations): Alembic 스키마 버저닝 도입","2026-01-03T10:29:02Z","migration;version","https://github.com/eco2-team/backend/pull/278"
"Canary Deployment",277,"feat(ci): canary PR 머지 시 canary 이미지만 업데이트","2026-01-03T08:31:55Z","CI;canary","https://github.com/eco2-team/backend/pull/277"
"Clean Architecture",276,"fix(users): CharacterListResponse export 누락 수정","2026-01-02T18:24:06Z","canary","https://github.com/eco2-team/backend/pull/276"
"Clean Architecture",275,"fix: auth/docs 충돌, users 스키마 domains/my 호환","2026-01-02T18:15:37Z","canary","https://github.com/eco2-team/backend/pull/275"
"Canary Deployment",274,"fix(auth): refresh 응답 정합성 수정 (body 없이 201)","2026-01-02T18:05:02Z","canary","https://github.com/eco2-team/backend/pull/274"
"Canary Deployment",273,"fix(auth): logout 응답 형식 domains와 일치","2026-01-02T18:01:41Z","canary","https://github.com/eco2-team/backend/pull/273"
"Canary Deployment",272,"fix(auth): logout/refresh 헤더에서 토큰 읽기 (EnvoyFilter 호환)","2026-01-02T17:30:03Z","canary","https://github.com/eco2-team/backend/pull/272"
"Canary Deployment",271,"fix(auth): 쿠키 이름 수정 (s_access, s_refresh)","2026-01-02T17:20:26Z","canary","https://github.com/eco2-team/backend/pull/271"
"Canary Deployment",270,"fix(auth): User 엔티티 __weakref__ 슬롯 추가","2026-01-02T17:12:24Z","canary","https://github.com/eco2-team/backend/pull/270"
"Canary Deployment",269,"fix(auth): UsersQueryGateway selectinload 에러 수정","2026-01-02T16:55:46Z","canary","https://github.com/eco2-team/backend/pull/269"
"Canary Deployment",268,"fix(auth): 쿠키 도메인 환경변수 이름 수정","2026-01-02T16:43:48Z","canary","https://github.com/eco2-team/backend/pull/268"
"Canary Deployment",267,"fix(auth): OAuth 콜백 쿠키가 RedirectResponse에 포함되지 않는 문제 수정","2026-01-02T16:32:53Z","canary","https://github.com/eco2-team/backend/pull/267"
"Canary Deployment",266,"fix(auth/users): gRPC 연동 완료 및 버그 수정","2026-01-02T16:16:08Z","gRPC;canary;users","https://github.com/eco2-team/backend/pull/266"
"Infrastructure",265,"fix(auth/users): gRPC 연동 버그 수정 및 NetworkPolicy 추가","2026-01-02T15:58:49Z","canary","https://github.com/eco2-team/backend/pull/265"
"Canary Deployment",264,"fix(users-grpc): gRPC 서버 버그 수정 - enum 매핑 및 transaction manager","2026-01-02T15:19:53Z","canary;users","https://github.com/eco2-team/backend/pull/264"
"Canary Deployment",263,"fix(users-grpc): gRPC 서버 버그 수정 - interceptor 및 transaction manager","2026-01-02T15:05:25Z","gRPC;canary","https://github.com/eco2-team/backend/pull/263"
"Canary Deployment",262,"fix(users-grpc): ErrorHandlerInterceptor context.method() 버그 수정","2026-01-02T14:55:42Z","gRPC;hotfix;canary","https://github.com/eco2-team/backend/pull/262"
"Clean Architecture",261,"fix(auth): gRPC import 경로 및 protobuf 호환성 수정","2026-01-02T14:28:14Z","auth;canary","https://github.com/eco2-team/backend/pull/261"
"Clean Architecture",260,"fix(auth): gRPC import 경로 및 protobuf 호환성 수정","2026-01-02T14:18:05Z","canary","https://github.com/eco2-team/backend/pull/260"
"Canary Deployment",259,"fix(auth): OAuth 레거시 호환성 및 protobuf 버전 수정","2026-01-02T14:10:06Z","hotfix;canary","https://github.com/eco2-team/backend/pull/259"
"Canary Deployment",258,"fix(auth): 레거시 OAuth 엔드포인트 JSON 응답으로 변경","2026-01-02T14:01:51Z","auth;canary","https://github.com/eco2-team/backend/pull/258"
"Canary Deployment",257,"fix(auth): CORS 와일드카드 대신 특정 origin 허용","2026-01-02T13:48:47Z","canary","https://github.com/eco2-team/backend/pull/257"
"Canary Deployment",256,"feat(auth): 레거시 OAuth 라우트 하위 호환성 추가","2026-01-02T12:41:39Z","auth;canary","https://github.com/eco2-team/backend/pull/256"
"Auth Offloading",255,"fix(authz): OAuth bypass 경로 업데이트","2026-01-02T12:36:24Z","","https://github.com/eco2-team/backend/pull/255"
"Clean Architecture",254,"fix(auth): import path 수정","2026-01-02T12:24:13Z","auth;canary","https://github.com/eco2-team/backend/pull/254"
"Clean Architecture",253,"fix: asyncpg timezone 설정 및 스키마 마이그레이션","2026-01-02T12:06:06Z","migration;canary;users;DB","https://github.com/eco2-team/backend/pull/253"
"Infrastructure",252,"feat(users): Users 노드 추가 및 gRPC protobuf 호환성 수정","2026-01-02T11:45:23Z","canary;users;protobuf","https://github.com/eco2-team/backend/pull/252"
"Clean Architecture",251,"refactor: Auth/Users Clean Architecture 고도화 및 스키마 통합","2026-01-02T09:28:40Z","auth;canary","https://github.com/eco2-team/backend/pull/251"
"Workers",250,"fix: auth-relay/worker 배포 및 Karpenter 스케줄링 수정","2026-01-01T12:30:54Z","canary","https://github.com/eco2-team/backend/pull/250"
"Workers",249,"fix(auth-relay): correct secret key and nodeSelector","2026-01-01T11:37:38Z","fix;canary","https://github.com/eco2-team/backend/pull/249"
"Workers",248,"fix(manifests): correct nodeSelector for auth-relay/auth-worker","2026-01-01T11:24:34Z","canary","https://github.com/eco2-team/backend/pull/248"
"Clean Architecture",247,"feat(users): Add users domain with Clean Architecture","2026-01-02T01:57:50Z","refactor;gitops;canary;users","https://github.com/eco2-team/backend/pull/247"
"Canary Deployment",246,"feat(auth): 블랙리스트 이벤트 기반 아키텍처로 전환","2026-01-01T11:15:54Z","auth;canary","https://github.com/eco2-team/backend/pull/246"
"Clean Architecture",245,"feat(auth): Clean Architecture 리팩토링 및 CI/CD 연동","2025-12-30T19:10:07Z","refactor;canary","https://github.com/eco2-team/backend/pull/245"
"Canary Deployment",244,"feat: 헤더 기반 Canary 배포 인프라 구축","2025-12-30T13:08:58Z","deployment;canary","https://github.com/eco2-team/backend/pull/244"
"Auth Offloading",243,"feat(auth): Outbox Pattern 구현 - Blacklist 이벤트 발행 신뢰성 향상","2025-12-30T07:42:53Z","enhancement;auth;outbox","https://github.com/eco2-team/backend/pull/243"
"Domain APIs",242,"fix(auth): 테스트 격리 문제 수정","2025-12-29T15:42:21Z","fix;auth;testing","https://github.com/eco2-team/backend/pull/242"
"Auth Offloading",241,"test(ext-authz): 로컬 캐시 테스트 추가 및 성능 테스트 엔드포인트","2025-12-29T15:20:34Z","enhancement;auth;testing","https://github.com/eco2-team/backend/pull/241"
"Auth Offloading",240,"fix(ext-authz): expires_at 필드명 불일치 수정","2025-12-29T14:40:55Z","bug;auth","https://github.com/eco2-team/backend/pull/240"
"Message Queue",239,"feat(netpol): auth namespace RabbitMQ egress 허용","2025-12-29T14:24:28Z","infrastructure;auth","https://github.com/eco2-team/backend/pull/239"
"Auth Offloading",238,"feat(auth): ext-authz 로컬 캐시를 위한 auth-api Publisher 구현","2025-12-29T13:53:05Z","enhancement;auth;performance;cache","https://github.com/eco2-team/backend/pull/238"
"Auth Offloading",237,"feat(auth): auth-api Blacklist Event Publisher 구현","2025-12-29T13:37:47Z","enhancement;auth;performance;cache","https://github.com/eco2-team/backend/pull/237"
"Auth Offloading",236,"feat(ext-authz): JWT Blacklist 로컬 캐시 구현","2025-12-29T13:05:50Z","enhancement;auth;performance;cache","https://github.com/eco2-team/backend/pull/236"
"Performance",235,"fix: 600 VU 부하 테스트 대응 - Connection Pool 한계 증가","2025-12-29T09:58:49Z","bug;performance","https://github.com/eco2-team/backend/pull/235"
"Scaling",234,"release: v1.0.7 - Event Bus Layer & KEDA Autoscaling","2025-12-28T08:33:31Z","release;gitops;kubernetes;rabbitmq;Event Bus;redis streams","https://github.com/eco2-team/backend/pull/234"
"Event Streams",233,"feat(sse): API 엔드포인트 분리 - scan/sse-gateway","2025-12-26T17:12:53Z","enhancement;SSE","https://github.com/eco2-team/backend/pull/233"
"Workers",232,"fix(scan-worker): worker-ai toleration 추가","2025-12-26T16:11:16Z","fix;infrastructure","https://github.com/eco2-team/backend/pull/232"
"Message Queue",231,"fix: SSE Gateway Dockerfile + celery-beat toleration + VirtualService timeout","2025-12-26T15:57:36Z","fix;infrastructure;Kustomize","https://github.com/eco2-team/backend/pull/231"
"Event Streams",230,"fix(sse-gateway): Dockerfile 빌드 경로 수정","2025-12-26T15:45:48Z","bug","https://github.com/eco2-team/backend/pull/230"
"Event Streams",229,"feat(sse): SSE Gateway 노드 프로비저닝 + 서비스 분리","2025-12-26T15:36:43Z","enhancement;infrastructure","https://github.com/eco2-team/backend/pull/229"
"Redis",228,"fix(events): Redis 연결 안정성 개선 - ConnectionPool + 자동 재연결","2025-12-26T13:50:49Z","bug;enhancement","https://github.com/eco2-team/backend/pull/228"
"Domain APIs",227,"perf(scan): k6 부하 테스트 기반 성능 튜닝","2025-12-26T08:45:44Z","fastapi;kubernetes;performance;scan;scaling","https://github.com/eco2-team/backend/pull/227"
"Observability",226,"feat(monitoring): Redis 3-node cluster observability","2025-12-26T04:15:44Z","enhancement;observability;redis","https://github.com/eco2-team/backend/pull/226"
"Event Streams",225,"feat: Redis 3-node Cluster + Redis Streams SSE Migration","2025-12-26T03:56:10Z","infrastructure;terraform;ansible;gitops;kubernetes;redis","https://github.com/eco2-team/backend/pull/225"
"Workers",224,"feat(character): Worker 시작 시 DB에서 캐시 자동 로드","2025-12-25T10:39:37Z","enhancement;character","https://github.com/eco2-team/backend/pull/224"
"Event Streams",223,"feat(monitoring): SSE 병목 분석을 위한 모니터링 및 HPA 설정","2025-12-25T09:12:12Z","enhancement;monitoring","https://github.com/eco2-team/backend/pull/223"
"Message Queue",222,"fix: Celery 이벤트 시스템 및 Worker 안정성 개선","2025-12-24T16:45:29Z","bug","https://github.com/eco2-team/backend/pull/222"
"Message Queue",221,"fix(celery): DLQ 태스크 autodiscover 문제 수정","2025-12-24T16:30:02Z","bug","https://github.com/eco2-team/backend/pull/221"
"Message Queue",220,"fix(completion): character.match task-started가 scan.reward를 조기 완료 처리하는 버그 수정","2025-12-24T16:12:52Z","bug","https://github.com/eco2-team/backend/pull/220"
"Message Queue",219,"fix(completion): scan.reward 결과 전파 안정성 개선","2025-12-24T13:44:49Z","bug","https://github.com/eco2-team/backend/pull/219"
"CI/CD",218,"fix(ci): base 이미지 변경 시 모든 서비스 재빌드","2025-12-24T10:00:58Z","fix;CI","https://github.com/eco2-team/backend/pull/218"
"Message Queue",217,"fix(deps): Celery 5.6.0 → 5.4.0 다운그레이드","2025-12-24T09:50:13Z","bug;fix;CI","https://github.com/eco2-team/backend/pull/217"
"Message Queue",216,"feat(celery): Gevent pool 전환 및 DLQ 라우팅 개선","2025-12-24T09:22:35Z","enhancement;performance;celery","https://github.com/eco2-team/backend/pull/216"
"Message Queue",215,"fix(rabbitmq): 큐별 Prometheus 메트릭 활성화","2025-12-24T07:09:01Z","bug;kubernetes","https://github.com/eco2-team/backend/pull/215"
"Message Queue",214,"feat(observability): SSE 대시보드 메트릭 보강 및 RabbitMQ 메트릭 수집 활성화","2025-12-24T06:53:58Z","enhancement;kubernetes","https://github.com/eco2-team/backend/pull/214"
"Domain APIs",213,"fix(character): ConfigMap에서 하드코딩된 DATABASE_URL 제거","2025-12-24T06:42:31Z","bug;infrastructure;character","https://github.com/eco2-team/backend/pull/213"
"Message Queue",212,"feat: Celery Batches로 reward task 배치 처리 구현","2025-12-23T14:01:00Z","enhancement;batch","https://github.com/eco2-team/backend/pull/212"
"Message Queue",211,"refactor: AsyncOpenAI + shared event loop for Celery workers","2025-12-23T13:02:02Z","refactor;performance","https://github.com/eco2-team/backend/pull/211"
"Clean Architecture",210,"refactor: character-match-worker 분리 및 도메인 의존성 제거","2025-12-23T12:55:11Z","infrastructure;refactor","https://github.com/eco2-team/backend/pull/210"
"Workers",209,"refactor(worker): 도메인별 큐 아키텍처 분리 및 my-worker 추가","2025-12-23T10:07:40Z","infrastructure;refactor;gitops;kubernetes;breaking-change","https://github.com/eco2-team/backend/pull/209"
"Event Streams",208,"feat(cache): Event-Driven Character Cache 구현","2025-12-23T08:13:28Z","enhancement;event driven;stateless","https://github.com/eco2-team/backend/pull/208"
"Event Streams",207,"feat(scan): SSE 스트리밍 엔드포인트 Stateless 리팩토링","2025-12-23T04:42:39Z","enhancement;refactor;fastapi","https://github.com/eco2-team/backend/pull/207"
"Message Queue",206,"fix(scan): SSE에서 Celery chain 최종 결과 정확히 반환","2025-12-23T02:54:01Z","bug;fix;fastapi","https://github.com/eco2-team/backend/pull/206"
"Event Streams",205,"fix(sse): AsyncResult 폴링으로 이벤트 누락 방지","2025-12-23T02:41:55Z","bug","https://github.com/eco2-team/backend/pull/205"
"Event Streams",204,"fix(scan): chain root_id 기반 SSE 추적 수정","2025-12-23T02:31:33Z","bug","https://github.com/eco2-team/backend/pull/204"
"Domain APIs",203,"test(scan): AsyncClassificationResponse에 맞게 테스트 수정","2025-12-23T02:19:09Z","bug","https://github.com/eco2-team/backend/pull/203"
"Event Streams",202,"feat(scan): async 응답 슬림화 및 root_id 기반 SSE 추적","2025-12-23T02:14:01Z","enhancement","https://github.com/eco2-team/backend/pull/202"
"Event Streams",201,"fix(scan): SSE progress task_id 매칭 문제 해결","2025-12-23T01:42:53Z","bug;SSE;celery","https://github.com/eco2-team/backend/pull/201"
"Message Queue",200,"fix: Celery Worker 배포 및 CI 파이프라인 수정","2025-12-22T23:10:28Z","fix;CI;kubernetes","https://github.com/eco2-team/backend/pull/200"
"Message Queue",199,"fix(worker): Celery Worker 배포 오류 수정","2025-12-22T22:54:49Z","fix;infrastructure;kubernetes","https://github.com/eco2-team/backend/pull/199"
"Message Queue",198,"feat(scan): Async Scan API with Celery Chain + SSE Progress","2025-12-22T12:29:57Z","enhancement;infrastructure;rabbitmq","https://github.com/eco2-team/backend/pull/198"
"Message Queue",197,"feat(rabbitmq): Management UI Ingress 연결 + VirtualService 인증 수정","2025-12-22T02:30:14Z","enhancement;infrastructure;rabbitmq","https://github.com/eco2-team/backend/pull/197"
"Message Queue",196,"feat: RabbitMQ Management UI Ingress 연결","2025-12-22T02:10:26Z","enhancement;infrastructure;gitops;kubernetes","https://github.com/eco2-team/backend/pull/196"
"Message Queue",195,"fix: RabbitMQ Operator 안정화 (Topology Operator, Network Policy, Credentials)","2025-12-22T01:44:37Z","fix;infrastructure;gitops;kubernetes","https://github.com/eco2-team/backend/pull/195"
"Observability",194,"fix: Elasticsearch cluster.initial_master_nodes 설정 제거","2025-12-22T01:02:40Z","fix;infrastructure","https://github.com/eco2-team/backend/pull/194"
"Message Queue",193,"fix: RabbitmqCluster credentials override 제거","2025-12-22T00:45:59Z","fix;infrastructure;rabbitmq","https://github.com/eco2-team/backend/pull/193"
"Message Queue",192,"fix: Network Policy에 rabbitmq-system 15672 접근 허용","2025-12-22T00:22:22Z","fix;infrastructure;rabbitmq","https://github.com/eco2-team/backend/pull/192"
"Message Queue",191,"fix: Topology Operator에서 Namespace 리소스 제외","2025-12-22T00:13:53Z","fix;infrastructure;rabbitmq","https://github.com/eco2-team/backend/pull/191"
"Infrastructure",190,"fix: control-plane 노드 toleration 추가","2025-12-22T00:08:35Z","fix;infrastructure;rabbitmq","https://github.com/eco2-team/backend/pull/190"
"Message Queue",189,"fix: RabbitMQ ArgoCD 앱 경로 및 repoURL 수정","2025-12-22T00:04:10Z","fix;infrastructure;rabbitmq","https://github.com/eco2-team/backend/pull/189"
"Message Queue",188,"infra: RabbitMQ Operator + Topology Operator ArgoCD 통합","2025-12-21T23:53:11Z","infrastructure;gitops;kubernetes;rabbitmq","https://github.com/eco2-team/backend/pull/188"
"Message Queue",187,"infra: RabbitMQ Operator + Topology Operator ArgoCD 통합","2025-12-21T23:42:46Z","infrastructure;gitops;kubernetes;rabbtmq;rabbitmq","https://github.com/eco2-team/backend/pull/187"
"Clean Architecture",186,"refactor(scan): gRPC 재시도/Circuit Breaker 적용 및 코드 품질 개선","2025-12-21T02:46:49Z","refactor","https://github.com/eco2-team/backend/pull/186"
"Domain APIs",185,"test(chat): add integration tests with OpenAI API","2025-12-20T22:58:19Z","refactor;fastapi","https://github.com/eco2-team/backend/pull/185"
"Auth Offloading",184,"fix(authz): add logout to notPaths to prevent infinite loop","2025-12-20T05:52:29Z","hotfix","https://github.com/eco2-team/backend/pull/184"
"Auth Offloading",183,"fix(ext-authz): CORS 헤더 누락으로 인한 Network Error 수정","2025-12-20T04:42:27Z","bug;ext-authz","https://github.com/eco2-team/backend/pull/183"
"Clean Architecture",181,"refactor: my, location, image 도메인 코드 품질 개선","2025-12-20T03:49:48Z","refactor;location;image;my","https://github.com/eco2-team/backend/pull/181"
"Clean Architecture",180,"chore: 코드 품질 분석 도구 연동 및 복잡도 개선","2025-12-20T01:47:33Z","refactor;CI;chore;character","https://github.com/eco2-team/backend/pull/180"
"Clean Architecture",179,"refactor(character): 아키텍처 개선 - Strategy 패턴, Cache, Circuit Breaker, 코드 품질","2025-12-20T01:41:20Z","enhancement;character","https://github.com/eco2-team/backend/pull/179"
"Clean Architecture",178,"refactor(character): Dead code 제거 및 코드 품질 개선","2025-12-19T22:55:14Z","refactor;character","https://github.com/eco2-team/backend/pull/178"
"Clean Architecture",177,"refactor(character): 코드 품질 개선 2차","2025-12-19T22:46:45Z","refactor;character","https://github.com/eco2-team/backend/pull/177"
"Domain APIs",176,"refactor(character): 상수 정리, 코드 중복 제거, 테스트 추가","2025-12-19T22:04:49Z","refactor","https://github.com/eco2-team/backend/pull/176"
"Clean Architecture",175,"refactor(character): 코드 품질 개선 및 K8s 환경변수 충돌 해결","2025-12-19T21:20:44Z","refactor","https://github.com/eco2-team/backend/pull/175"
"Clean Architecture",174,"refactor(character): gRPC 재시도 정책 + 코드 품질 개선","2025-12-19T20:46:27Z","enhancement;refactor","https://github.com/eco2-team/backend/pull/174"
"Domain APIs",173,"feat(scan): DB 기반 Task Store + 이미지 URL 검증","2025-12-19T20:18:04Z","enhancement;infrastructure;validation;refactor;fastapi;database","https://github.com/eco2-team/backend/pull/173"
"Clean Architecture",172,"refactor: 미사용 API 엔드포인트 제거","2025-12-19T19:34:26Z","refactor;fastapi;character;auth;location;image","https://github.com/eco2-team/backend/pull/172"
"Message Queue",171,"🚀 v1.0.7 Release: RabbitMQ + Celery, Observability 강화","2025-12-22T23:54:02Z","documentation;enhancement;infrastructure;release","https://github.com/eco2-team/backend/pull/171"
"Observability",170,"fix(kibana): Dashboard 패널 references 수정","2025-12-17T17:53:05Z","fix","https://github.com/eco2-team/backend/pull/170"
"Observability",169,"fix(kibana): Dashboard searchSource 에러 수정","2025-12-17T17:48:13Z","fix","https://github.com/eco2-team/backend/pull/169"
"Observability",168,"fix(kibana): DataView body 형식 수정","2025-12-17T17:41:29Z","fix","https://github.com/eco2-team/backend/pull/168"
"Observability",167,"fix(kibana): DataView 인덱스 패턴 수정","2025-12-17T17:36:36Z","fix","https://github.com/eco2-team/backend/pull/167"
"Observability",166,"fix(kibana): DataView body를 Kibana 8 API 형식으로 수정","2025-12-17T17:34:26Z","fix","https://github.com/eco2-team/backend/pull/166"
"Observability",165,"fix(kibana): KibanaInstance URL을 HTTP로 변경","2025-12-17T17:31:54Z","fix","https://github.com/eco2-team/backend/pull/165"
"Observability",164,"fix(network-policy): elastic-system에서 Kibana 접근 허용","2025-12-17T17:29:43Z","fix","https://github.com/eco2-team/backend/pull/164"
"Observability",163,"fix(kibana): KibanaInstance CR에 certificate 설정 추가","2025-12-17T17:19:36Z","fix","https://github.com/eco2-team/backend/pull/163"
"Observability",162,"fix(kibana): KibanaInstance CR에 required field 'enabled' 추가","2025-12-17T17:15:10Z","fix","https://github.com/eco2-team/backend/pull/162"
"Observability",161,"fix(kibana): eck-custom-resources operator 및 KibanaInstance 설정 추가","2025-12-17T17:03:50Z","fix;infrastructure","https://github.com/eco2-team/backend/pull/161"
"Observability",160,"fix(kibana): eck-custom-resources operator 추가 및 CRD 스키마 수정","2025-12-17T16:50:31Z","gitops;Kibana;Elasticsearch;operator;dashboard","https://github.com/eco2-team/backend/pull/160"
"Observability",159,"feat(observability): 분산 트레이싱, EFK 로깅, Kibana 대시보드 선언적 관리","2025-12-17T16:31:14Z","Kibana;Elasticsearch;fluent bit","https://github.com/eco2-team/backend/pull/159"
"Observability",158,"feat(observability): OpenTelemetry 분산 트레이싱 통합 및 Kibana 대시보드 선언적 관리","2025-12-17T16:11:24Z","Kustomize;gitops;fastapi;kubernetes;observability;go","https://github.com/eco2-team/backend/pull/158"
"Auth Offloading",157,"feat(observability): ext-authz 로깅 강화 및 분산 트레이싱 통합","2025-12-17T15:05:54Z","documentation;enhancement;gitops","https://github.com/eco2-team/backend/pull/157"
"Observability",156,"feat(observability): 로깅/대시보드 선언적 관리 및 PII 마스킹","2025-12-17T14:17:59Z","gitops;Kibana;Elasticsearch;fluent bit","https://github.com/eco2-team/backend/pull/156"
"Observability",155,"feat(observability): 구조화 로깅 + 인덱스 전략 + 설정 리팩토링","2025-12-17T12:17:52Z","enhancement;refactor;observability","https://github.com/eco2-team/backend/pull/155"
"Clean Architecture",154,"refactor(core): config/constants 파일 분리 및 FastAPI DI 패턴 적용","2025-12-17T11:26:37Z","enhancement;refactor","https://github.com/eco2-team/backend/pull/154"
"Clean Architecture",153,"fix(proto): grpc 파일의 절대 import를 상대 import로 수정","2025-12-17T10:29:53Z","bug","https://github.com/eco2-team/backend/pull/153"
"Observability",152,"fix(deps): OpenTelemetry 및 Protobuf 버전 호환성 수정","2025-12-17T10:15:28Z","fix","https://github.com/eco2-team/backend/pull/152"
"LLM / AI",151,"chore(domains): 모든 도메인에서 PostSync Job 제거","2025-12-17T09:52:36Z","chore","https://github.com/eco2-team/backend/pull/151"
"Documentation",150,"feat(logging): ECS 기반 구조화된 로깅 및 정책 문서","2025-12-17T09:29:31Z","enhancement","https://github.com/eco2-team/backend/pull/150"
"Observability",149,"feat(observability): EFK 스택 구축 및 Observability 강화","2025-12-17T08:58:03Z","enhancement","https://github.com/eco2-team/backend/pull/149"
"Istio / Service Mesh",148,"fix(routing): ServiceEntry 와일드카드 호스트 resolution 수정","2025-12-17T08:40:15Z","bug","https://github.com/eco2-team/backend/pull/148"
"Observability",147,"fix: EFK 스택 배포 오류 수정 및 routing 정리","2025-12-17T08:29:59Z","bug;infrastructure","https://github.com/eco2-team/backend/pull/147"
"Observability",146,"fix(eck): Elasticsearch CR 설정 수정","2025-12-17T06:59:03Z","fix;kubernetes;logging;eck","https://github.com/eco2-team/backend/pull/146"
"Observability",145,"feat(logging): ECK 기반 EFK 로깅 스택 구축 (Phase 4)","2025-12-17T06:47:23Z","documentation;infrastructure;gitops;kubernetes;observability;logging;eck","https://github.com/eco2-team/backend/pull/145"
"Observability",144,"feat(logging): ECK 기반 EFK 로깅 스택 구축 (Phase 4)","2025-12-17T06:34:27Z","infrastructure;gitops;kubernetes;logging;eck","https://github.com/eco2-team/backend/pull/144"
"Observability",143,"feat: Observability 향상 - Kiali, Jaeger, OpenTelemetry 통합","2025-12-17T04:17:41Z","observability","https://github.com/eco2-team/backend/pull/143"
"Observability",142,"feat(monitoring): Grafana 대시보드 및 ServiceMonitor 추가","2025-12-16T22:35:08Z","enhancement;infrastructure;Kustomize","https://github.com/eco2-team/backend/pull/142"
"Observability",141,"feat(monitoring): 노드별/도메인별 Grafana 대시보드 추가","2025-12-16T21:45:07Z","infrastructure;kubernetes;observability","https://github.com/eco2-team/backend/pull/141"
"Observability",140,"feat(monitoring): Master 노드 Grafana 대시보드 및 GitOps 배포 구성","2025-12-16T21:32:37Z","gitops;kubernetes;observability;monitoring;grafana","https://github.com/eco2-team/backend/pull/140"
"Clean Architecture",139,"fix(proto): gRPC import 경로를 절대 경로로 수정","2025-12-16T21:13:28Z","bug;character;gRPC;my","https://github.com/eco2-team/backend/pull/139"
"gRPC",138,"feat(my,character): gRPC 연동으로 캐릭터 소유 정보 동기화","2025-12-16T20:49:26Z","refactor;kubernetes;character;gRPC;my","https://github.com/eco2-team/backend/pull/138"
"Redis",137,"revert(redis): rollback io-threads and timeout settings","2025-12-16T19:46:03Z","test;redis","https://github.com/eco2-team/backend/pull/137"
"CI/CD",136,"fix(ci): handle multiline commit messages in ci-infra","2025-12-16T18:29:35Z","CI","https://github.com/eco2-team/backend/pull/136"
"Performance",135,"perf(redis): enable io-threads and fix dead connection leak","2025-12-16T18:10:03Z","test;redis","https://github.com/eco2-team/backend/pull/135"
"Auth Offloading",134,"perf: ext-authz Redis pool 확장 및 character-api HPA 수정","2025-12-15T05:33:14Z","character;redis;hpa","https://github.com/eco2-team/backend/pull/134"
"Auth Offloading",133,"perf(ext-authz): Redis pool 확장 및 histogram bucket 개선","2025-12-15T05:26:12Z","observability;redis","https://github.com/eco2-team/backend/pull/133"
"CI/CD",132,"fix(ci): handle conventional commit scope in commit filter","2025-12-15T05:08:26Z","CI","https://github.com/eco2-team/backend/pull/132"
"Scaling",131,"perf: gRPC 로드밸런싱 및 character-api HPA 추가","2025-12-15T04:54:46Z","character;gRPC;hpa","https://github.com/eco2-team/backend/pull/131"
"Auth Offloading",130,"perf(ext-authz): CPU limits 증설 및 HPA 활성화","2025-12-15T03:48:42Z","hpa;resources","https://github.com/eco2-team/backend/pull/130"
"Auth Offloading",129,"perf(ext-authz): Redis pool 확장 및 10K+ users 확장 준비","2025-12-15T02:43:47Z","ext-authz;redis","https://github.com/eco2-team/backend/pull/129"
"Auth Offloading",128,"perf(ext-authz): Redis Pool 튜닝 및 DIP 리팩토링","2025-12-14T22:57:09Z","ext-authz;performance;redis","https://github.com/eco2-team/backend/pull/128"
"Auth Offloading",127,"perf(ext-authz): 코드 품질 개선 및 성능 튜닝 준비","2025-12-14T19:53:42Z","refactor;ext-authz","https://github.com/eco2-team/backend/pull/127"
"Auth Offloading",126,"feat: ext-authz 부하 테스트용 ping 엔드포인트 추가","2025-12-14T00:43:38Z","character;ext-authz;test","https://github.com/eco2-team/backend/pull/126"
"Domain APIs",125,"fix(auth): /ping 엔드포인트 응답 스키마 수정","2025-12-14T00:11:02Z","ext-authz;test","https://github.com/eco2-team/backend/pull/125"
"Clean Architecture",124,"style(auth): format ping endpoint exception","2025-12-14T00:01:55Z","auth;test","https://github.com/eco2-team/backend/pull/124"
"Clean Architecture",123,"chore: 미사용 platform 및 ingress 매니페스트 삭제","2025-12-13T23:40:39Z","refactor;chore","https://github.com/eco2-team/backend/pull/123"
"Auth Offloading",122,"refactor(auth): ext-authz 헤더 기반으로 /ping 엔드포인트 전환","2025-12-13T23:41:17Z","ext-authz;test","https://github.com/eco2-team/backend/pull/122"
"CI/CD",121,"fix(ci): ci-services 빈 워크플로우 트리거 방지","2025-12-13T21:32:30Z","CI;chore;test","https://github.com/eco2-team/backend/pull/121"
"CI/CD",120,"chore(ci): simplify ci-services and fix triggers","2025-12-13T19:48:24Z","CI;ext-authz","https://github.com/eco2-team/backend/pull/120"
"Testing",119,"test: add protected auth ping endpoint","2025-12-13T19:41:37Z","ext-authz;test","https://github.com/eco2-team/backend/pull/119"
"Auth Offloading",118,"release: v1.0.6 - Auth Offloading 및 도메인 독립화","2025-12-13T16:32:49Z","ext-authz;MSA","https://github.com/eco2-team/backend/pull/118"
"Domain APIs",117,"refactor(my): character 도메인 의존성 완전 제거","2025-12-16T20:04:11Z","refactor;character;my","https://github.com/eco2-team/backend/pull/117"
"CI/CD",116,"chore: character, my API 재빌드 트리거","2025-12-13T05:12:31Z","character;my","https://github.com/eco2-team/backend/pull/116"
"Release",115,"fix: v1.0.6 추가 핫픽스 및 user_characters 스키마 준비","2025-12-13T05:08:26Z","character;my","https://github.com/eco2-team/backend/pull/115"
"Release",114,"fix: v1.0.6 핫픽스 - character 메트릭 복원 및 CI 개선","2025-12-13T04:51:28Z","character;hotfix","https://github.com/eco2-team/backend/pull/114"
"Auth Offloading",113,"v1.0.6: Auth Offloading 완료 - 공통 모듈 제거 및 도메인 독립성 강화","2025-12-13T04:21:38Z","refactor;observability;ext-authz;MSA","https://github.com/eco2-team/backend/pull/113"
"Auth Offloading",112,"fix: remove RequestAuthentication for HS256 JWT compatibility","2025-12-13T00:59:00Z","auth;ext-authz;jwt","https://github.com/eco2-team/backend/pull/112"
"CI/CD",111,"fix(ci): validate ci-services workflow","2025-12-13T00:31:56Z","CI","https://github.com/eco2-team/backend/pull/111"
"Auth Offloading",110,"feat(auth/ext-authz): HS256 tokens and ext-authz filter order","2025-12-13T00:20:48Z","auth;ext-authz;HS256","https://github.com/eco2-team/backend/pull/110"
"Auth Offloading",109,"feat(auth/ext-authz): switch to HS256 and fix cookie injection order","2025-12-13T00:13:30Z","ext-authz;HS256","https://github.com/eco2-team/backend/pull/109"
"Auth Offloading",108,"fix(istio): ensure cookie injection runs before ext-authz","2025-12-12T23:49:36Z","Istio;ext-authz","https://github.com/eco2-team/backend/pull/108"
"Auth Offloading",107,"chore(istio): refine ext-authz bypass paths","2025-12-12T23:05:49Z","auth;ext-authz","https://github.com/eco2-team/backend/pull/107"
"Auth Offloading",106,"chore(ext-authz): align env keys and refine authz bypass","2025-12-12T22:11:32Z","bug;refactor;ext-authz","https://github.com/eco2-team/backend/pull/106"
"Auth Offloading",105,"fix(ext-authz): correct secret keys and appset entries","2025-12-12T21:18:51Z","ext-authz;secrets","https://github.com/eco2-team/backend/pull/105"
"Auth Offloading",104,"chore(argocd): add ext-authz to dev/prod api appsets","2025-12-12T20:49:08Z","gitops;ext-authz","https://github.com/eco2-team/backend/pull/104"
"Auth Offloading",102,"feat(auth): ext-authz go migration and guardrails","2025-12-12T20:31:01Z","auth;go;ext-authz","https://github.com/eco2-team/backend/pull/102"
"Clean Architecture",101,"refactor: relocate crds to workloads","2025-12-12T17:52:17Z","refactor;crds","https://github.com/eco2-team/backend/pull/101"
"Documentation",100,"chore: remove unused docs, scripts, and backup files","2025-12-12T16:24:54Z","documentation","https://github.com/eco2-team/backend/pull/100"
"Auth Offloading",99,"feat(auth): 외부 인가(ext_authz) 서버 Go로 마이그레이션 및 배포","2025-12-12T19:17:16Z","Istio;authz;go","https://github.com/eco2-team/backend/pull/99"
"gRPC",98,"feat: 내부 통신 gRPC 전환 및 DB Job 최적화","2025-12-11T22:55:27Z","gRPC","https://github.com/eco2-team/backend/pull/98"
"Observability",97,"feat: Observability 강화 (Kiali, Jaeger, OpenTelemetry 도입) - v1.0.6","2025-12-10T21:14:07Z","observability","https://github.com/eco2-team/backend/pull/97"
"Release",96,"🚀 Release v1.0.5","2025-12-10T19:03:37Z","release;Istio","https://github.com/eco2-team/backend/pull/96"
"Secrets / Config",95,"fix(secrets): my 서비스에 누락된 CHARACTER_DATABASE_URL 추가","2025-12-10T16:04:24Z","bug;my","https://github.com/eco2-team/backend/pull/95"
"Istio / Service Mesh",94,"fix(routing): my 서비스 VirtualService 경로 수정","2025-12-10T15:00:43Z","my;virtualservice;route","https://github.com/eco2-team/backend/pull/94"
"Domain APIs",93,"fix(image): 누락된 image-secret 참조 제거","2025-12-10T14:16:07Z","bug;image","https://github.com/eco2-team/backend/pull/93"
"Infrastructure",92,"fix(netpol): 모든 앱 네임스페이스에 DNS/DB/HTTPS Egress 허용","2025-12-10T14:05:57Z","fix;Istio;netpol","https://github.com/eco2-team/backend/pull/92"
"Auth Offloading",91,"fix(deploy): 비인증 서비스에서 불필요한 JWT 환경변수 제거","2025-12-10T13:38:26Z","auth;Istio","https://github.com/eco2-team/backend/pull/91"
"Infrastructure",90,"fix(argocd): resolve istio argocd sync drift","2025-12-10T13:16:59Z","Istio;diff","https://github.com/eco2-team/backend/pull/90"
"Auth Offloading",89,"fix(auth): JWT 서명 시 PEM 형식 Private Key 사용하도록 수정","2025-12-10T13:00:43Z","fix;Istio","https://github.com/eco2-team/backend/pull/89"
"Istio / Service Mesh",88,"fix(gateway): Limit AuthorizationPolicy to API domains","2025-12-10T12:33:32Z","fix;Istio","https://github.com/eco2-team/backend/pull/88"
"Istio / Service Mesh",87,"fix(gateway): Add managed-by annotation for ExternalDNS","2025-12-10T11:53:13Z","fix;Istio","https://github.com/eco2-team/backend/pull/87"
"Observability",86,"fix(gateway): Gateway Host 목록에 와일드카드(*) 추가하여 ALB Health Check 허용","2025-12-10T11:30:21Z","fix;Istio","https://github.com/eco2-team/backend/pull/86"
"Observability",85,"fix(gateway): ALB Health Check 404 및 ArgoCD Sync 에러 해결","2025-12-10T10:44:02Z","fix;Istio","https://github.com/eco2-team/backend/pull/85"
"Observability",84,"fix(gateway): ALB Health Check를 위한 전용 VirtualService 추가","2025-12-10T10:33:44Z","Istio;migration","https://github.com/eco2-team/backend/pull/84"
"Auth Offloading",83,"[Fix] Istio Authz 설정 적용 및 ArgoCD Sync Wave 재정렬","2025-12-10T02:24:03Z","fix;Istio","https://github.com/eco2-team/backend/pull/83"
"Istio / Service Mesh",82,"fix: istiod egress 허용 및 gateway 중복 정리","2025-12-10T00:37:48Z","bug;Istio","https://github.com/eco2-team/backend/pull/82"
"Auth Offloading",81,"feat: ext authz hardening and hpa for auth","2025-12-09T23:51:40Z","auth;Istio","https://github.com/eco2-team/backend/pull/81"
"Infrastructure",80,"fix: Istio Webhook Sync Error 및 ArgoCD Drift 해결","2025-12-09T20:58:38Z","bug;troubleshooting;Istio","https://github.com/eco2-team/backend/pull/80"
"Infrastructure",79,"fix(argocd): ignore caBundle drift in istio-base","2025-12-09T20:43:36Z","bug;Istio","https://github.com/eco2-team/backend/pull/79"
"Istio / Service Mesh",78,"fix(gateway): correct istio ingress naming and configuration","2025-12-09T20:29:59Z","bug;Istio","https://github.com/eco2-team/backend/pull/78"
"Istio / Service Mesh",77,"feat: v1.0.5 Re-apply - Istio Gateway Refactoring & Ingress Node Fix","2025-12-09T19:59:05Z","refactor;auth;Istio;v1.0.5","https://github.com/eco2-team/backend/pull/77"
"Auth Offloading",76,"feat: Istio Auth Offloading & Ingress Gateway Migration (v1.0.5)","2025-12-09T07:24:21Z","auth;Istio;gRPC;user","https://github.com/eco2-team/backend/pull/76"
"Release",75,"release: v1.0.0","2025-12-01T23:38:44Z","release","https://github.com/eco2-team/backend/pull/75"
"LLM / AI",74,"feat: share waste pipeline","2025-11-26T12:55:05Z","development;ai;update","https://github.com/eco2-team/backend/pull/74"
"Domain APIs",73,"feat: location categories in response","2025-11-26T08:03:19Z","refactor;location","https://github.com/eco2-team/backend/pull/73"
"Domain APIs",72,"chore(location): stabilize pipeline v3","2025-11-25T21:33:48Z","gitops;location","https://github.com/eco2-team/backend/pull/72"
"Domain APIs",71,"chore(location): stabilize pipeline v2","2025-11-25T21:19:59Z","gitops;location","https://github.com/eco2-team/backend/pull/71"
"Domain APIs",70,"chore(location): stabilize data pipeline","2025-11-25T20:41:46Z","gitops;location","https://github.com/eco2-team/backend/pull/70"
"Domain APIs",69,"chore(location): simplify pipeline and automate rollouts","2025-11-25T20:26:31Z","refactor;location","https://github.com/eco2-team/backend/pull/69"
"Other",68,"chore: automate auth/location rollouts","2025-11-25T18:17:47Z","gitops;kubernetes;chore;auth;location","https://github.com/eco2-team/backend/pull/68"
"Domain APIs",67,"fix(location): ensure bootstrap jobs run as postgres","2025-11-25T17:57:40Z","fix;gitops;kubernetes;auth;location;database","https://github.com/eco2-team/backend/pull/67"
"Domain APIs",66,"feat(location): Location API 배포 준비","2025-11-25T16:24:26Z","development;location","https://github.com/eco2-team/backend/pull/66"
"Domain APIs",65,"feat(location): v0.8.2 Location 개발 완료 및 배포","2025-11-25T15:35:15Z","development;location","https://github.com/eco2-team/backend/pull/65"
"Domain APIs",64,"feat: stabilize auth oauth flows","2025-11-23T09:01:49Z","fix","https://github.com/eco2-team/backend/pull/64"
"Domain APIs",63,"feat(auth): OAuth failure redirect and PostgreSQL schema setup","2025-11-20T17:17:02Z","auth","https://github.com/eco2-team/backend/pull/63"
"Domain APIs",62,"feature/character","2025-11-20T09:48:45Z","development;character","https://github.com/eco2-team/backend/pull/62"
"Infrastructure",60,"chore: Cleanup Ansible & Prepare for GitOps Deployment","2025-11-15T21:23:41Z","chore","https://github.com/eco2-team/backend/pull/60"
"Infrastructure",59,"🚀 Release v0.7.3 - GitOps Architecture 2.0 ","2025-11-15T19:13:39Z","CI;gitops","https://github.com/eco2-team/backend/pull/59"
"Documentation",58,"docs: reorganize architecture docs","2025-11-15T18:28:35Z","documentation","https://github.com/eco2-team/backend/pull/58"
"Infrastructure",57,"feat: Migrate Atlantis to Helm chart deployment (CRITICAL)","2025-11-15T13:27:55Z","enhancement;atlantis;helm chart;gitops","https://github.com/eco2-team/backend/pull/57"
"Documentation",56,"docs: Reorganize documentation and archive legacy files","2025-11-15T12:58:02Z","documentation;refactor","https://github.com/eco2-team/backend/pull/56"
"Infrastructure",55,"refactor: Modernize Kubernetes manifests structure","2025-11-15T13:17:54Z","enhancement;Kustomize;refactor;kubernetes","https://github.com/eco2-team/backend/pull/55"
"Documentation",54,"feat: Scaffold FastAPI services with domain-driven structure","2025-11-15T13:05:01Z","documentation;enhancement;development;fastapi","https://github.com/eco2-team/backend/pull/54"
"Infrastructure",53,"refactor: Migrate to ArgoCD App-of-Apps pattern","2025-11-15T12:50:57Z","documentation;enhancement;refactor;gitops","https://github.com/eco2-team/backend/pull/53"
"Infrastructure",52,"feat: Migrate Atlantis to Helm chart deployment","2025-11-15T12:48:51Z","enhancement;atlantis;helm chart;gitops","https://github.com/eco2-team/backend/pull/52"
"CI/CD",51,"ci: Add quality gate workflow for API services","2025-11-15T12:46:10Z","documentation;enhancement;development;CI","https://github.com/eco2-team/backend/pull/51"
"Infrastructure",50,"refactor: ArgoCD App of Apps 패턴 구현 (Wave 기반 배포)","2025-11-14T09:32:59Z","refactor","https://github.com/eco2-team/backend/pull/50"
"Workers",49,"feat: Add workers namespace to Tier 2 business-logic layer","2025-11-14T08:45:33Z","enhancement;infrastructure","https://github.com/eco2-team/backend/pull/49"
"Infrastructure",47,"🚀 v0.7.3 - GitOps Architecture 2.0: App of Apps + Atlantis + SSH Unification","2025-11-13T19:48:28Z","refactor","https://github.com/eco2-team/backend/pull/47"
"Infrastructure",46,"Fix/ansible playbook import structure","2025-11-13T18:09:41Z","fix","https://github.com/eco2-team/backend/pull/46"
"Infrastructure",45,"fix: SSH Agent 제거 및 GitOps 파이프라인 재검증","2025-11-13T15:39:14Z","fix","https://github.com/eco2-team/backend/pull/45"
"Infrastructure",44,"🚀 [Release] v0.7.2 - 네임스페이스 전략 정비 및 도메인별 Ingress 분리","2025-11-13T15:25:10Z","refactor;release","https://github.com/eco2-team/backend/pull/44"
"Infrastructure",43,"🏗️ [Refactor] 네임스페이스 일관성 정비 및 도메인별 Ingress 분리 (v0.7.2)","2025-11-13T13:06:54Z","refactor","https://github.com/eco2-team/backend/pull/43"
"Infrastructure",42,"docs: 클러스터 검증 보고서 및 README v0.7.1 업데이트","2025-11-12T06:05:09Z","documentation","https://github.com/eco2-team/backend/pull/42"
"Infrastructure",41,"docs: 클러스터 검증 보고서 추가","2025-11-12T05:57:36Z","validation","https://github.com/eco2-team/backend/pull/41"
"Infrastructure",40,"feat: 전체 API Kustomize overlays 생성 및 Node Taint 설정","2025-11-12T03:26:13Z","Kustomize","https://github.com/eco2-team/backend/pull/40"
"Infrastructure",39,"feat: develop → main 병합 (v0.7.0 문서 업데이트 및 GitOps 테스트)","2025-11-11T09:49:55Z","development","https://github.com/eco2-team/backend/pull/39"
"Documentation",38,"docs: README 및 아키텍처 문서 링크 수정 및 업데이트","2025-11-11T09:46:00Z","documentation","https://github.com/eco2-team/backend/pull/38"
"Documentation",37,"docs: 14-Node 아키텍처 업데이트 및 문서 정리 (v0.7.0)","2025-11-11T09:08:27Z","documentation","https://github.com/eco2-team/backend/pull/37"
"Documentation",36,"docs: 문서 정리 및 루트 디렉토리 정리","2025-11-11T07:22:43Z","documentation","https://github.com/eco2-team/backend/pull/36"
"Infrastructure",35,"📚 문서 정리 및 README.md 14-Node + GitOps 업데이트","2025-11-11T06:56:37Z","documentation","https://github.com/eco2-team/backend/pull/35"
"Infrastructure",34,"fix: Complete GitOps pipeline with Helm values update and Lint/Test","2025-11-11T06:01:56Z","infrastructure","https://github.com/eco2-team/backend/pull/34"
"Infrastructure",33,"feat: Helm Chart 및 14-Node Deployment 업데이트","2025-11-11T06:35:05Z","infrastructure;helm chart","https://github.com/eco2-team/backend/pull/33"
"Other",32,"feat: 스크립트 및 유틸리티 전체 업데이트","2025-11-11T06:20:45Z","fix","https://github.com/eco2-team/backend/pull/32"
"Documentation",31,"docs: Monitoring & Troubleshooting 문서 전체 추가","2025-11-11T06:19:19Z","documentation;troubleshooting","https://github.com/eco2-team/backend/pull/31"
"Infrastructure",30,"infra: 14-Node 아키텍처 Terraform 및 Ansible 구성","2025-11-11T06:18:17Z","infrastructure;terraform;ansible","https://github.com/eco2-team/backend/pull/30"
"Infrastructure",29,"docs: GitOps 아키텍처 전체 문서 및 설정 추가","2025-11-11T06:12:44Z","documentation;infrastructure","https://github.com/eco2-team/backend/pull/29"
"Documentation",28,"docs: README ASCII 다이어그램을 Mermaid로 업그레이드","2025-11-11T06:09:39Z","documentation","https://github.com/eco2-team/backend/pull/28"
"Infrastructure",27,"fix: Resolve Atlantis Pod CrashLoopBackOff issues","2025-11-11T06:05:25Z","fix;infrastructure;atlantis","https://github.com/eco2-team/backend/pull/27"
"Infrastructure",26,"docs: Add Atlantis Pod CrashLoopBackOff troubleshooting guide","2025-11-11T06:03:28Z","documentation;fix;infrastructure","https://github.com/eco2-team/backend/pull/26"
"Documentation",25,"📚 13-Nodes 리소스 최적화 및 문서 정리","2025-11-07T05:02:59Z","documentation;infrastructure","https://github.com/eco2-team/backend/pull/25"
"Documentation",24,"📚 Documentation Update to v0.6.0 (13-Node + WAL + Eco²)","2025-11-07T03:03:39Z","documentation","https://github.com/eco2-team/backend/pull/24"
"Documentation",23,"docs: 13-Node 아키텍처 기준으로 문서 재정립 (v0.5.0)","2025-11-06T13:44:47Z","documentation","https://github.com/eco2-team/backend/pull/23"
"Observability",22,"feat: FastAPI Health Check 구현","2025-11-06T13:21:07Z","development","https://github.com/eco2-team/backend/pull/22"
"Infrastructure",21,"cicd: Helm Charts 13-Node 템플릿","2025-11-06T13:03:48Z","development;infrastructure","https://github.com/eco2-team/backend/pull/21"
"Infrastructure",20,"cicd: ArgoCD 도메인별 서비스 Application","2025-11-06T13:01:53Z","development;infrastructure","https://github.com/eco2-team/backend/pull/20"
"Infrastructure",19,"infra: Ansible 13-Node 지원","2025-11-06T12:59:26Z","development;infrastructure","https://github.com/eco2-team/backend/pull/19"
"Infrastructure",18,"infra: Terraform 13-Node 아키텍처","2025-11-06T12:56:29Z","development;infrastructure","https://github.com/eco2-team/backend/pull/18"
"Documentation",17,"docs: 분석 및 계획 문서 재구성 (v0.4.4)","2025-11-06T11:34:33Z","","https://github.com/eco2-team/backend/pull/17"
"Initial Setup",16,"feat: Infrastructure validation and critical fixes for 13-node rebuild","2025-11-06T07:37:46Z","development;infrastructure","https://github.com/eco2-team/backend/pull/16"
"Infrastructure",15,"feat: Add CloudFront CDN for S3 image optimization","2025-11-06T07:36:53Z","development;infrastructure","https://github.com/eco2-team/backend/pull/15"
"Documentation",14,"📚 [Docs] 아키텍처 분석 및 의사결정 문서","2025-11-06T07:37:25Z","documentation","https://github.com/eco2-team/backend/pull/14"
"Initial Setup",13,"🔧 [Services] 마이크로서비스 스켈레톤 구조","2025-11-06T06:14:31Z","development","https://github.com/eco2-team/backend/pull/13"
"Infrastructure",12,"🚀 [CI/CD] Helm Charts, ArgoCD, GitHub Actions 배포 자동화","2025-11-06T05:53:12Z","infrastructure","https://github.com/eco2-team/backend/pull/12"
"Infrastructure",11,"🏗️ [Infra] 13노드 마이크로서비스 인프라 구축","2025-11-06T05:52:15Z","infrastructure","https://github.com/eco2-team/backend/pull/11"
"Documentation",10,"docs: ASCII 아트를 Mermaid 다이어그램으로 변환 (v0.4.3)","2025-11-06T04:42:56Z","documentation","https://github.com/eco2-team/backend/pull/10"
"Documentation",9,"docs: 구식 문서 정리 및 troubleshooting 통합 (v0.4.2)","2025-11-06T04:04:51Z","documentation;enhancement","https://github.com/eco2-team/backend/pull/9"
"Infrastructure",8,"docs: GitOps 파이프라인 문서화 및 버전 관리 전략 수립 (v0.4.1)","2025-11-06T02:55:10Z","documentation;enhancement","https://github.com/eco2-team/backend/pull/8"
"Infrastructure",7,"📚 7-Node 클러스터 문서 업데이트 및 배포 전략 수립","2025-11-06T02:09:30Z","documentation","https://github.com/eco2-team/backend/pull/7"
"Observability",6,"fix(infra): Prometheus CPU 부족 및 ArgoCD 502 에러 해결, 인프라 안정성 개선","2025-11-05T08:45:08Z","development;fix","https://github.com/eco2-team/backend/pull/6"
"Initial Setup",5,"Develop","2025-11-03T11:26:49Z","","https://github.com/eco2-team/backend/pull/5"
"Documentation",4,"Merge the documentations","2025-11-03T10:55:05Z","documentation","https://github.com/eco2-team/backend/pull/4"
"Documentation",3,"Docs/1 architecture","2025-11-03T10:34:24Z","documentation","https://github.com/eco2-team/backend/pull/3"
"Initial Setup",2,"Develop","2025-11-03T10:21:10Z","enhancement","https://github.com/eco2-team/backend/pull/2"
"Infrastructure",1,"Feat/2 iac terraform ansible","2025-11-03T10:18:19Z","enhancement","https://github.com/eco2-team/backend/pull/1"
